<?xml version="1.0" encoding="UTF-8" ?>
<buildings xmlns="http://games.smeanox.com"
           xmlns:xsi="http://www.w3.org/2001/XMLSchema-instance"
           xsi:schemaLocation="http://games.smeanox.com buildings.xsd">
    <building key="city" name="City">
        <properties width="1" height="1" dudes_needed="0" dudes_capacity_increase="100"
                    spaceships_increase="0" level_usage="0"/>
        <needGridElement>
            <element type="sand"/>
        </needGridElement>
        <resourcesBuild>
            <resource type="metal" amount="50"/>
            <resource type="electricity" amount="500"/>
        </resourcesBuild>
        <resourcesDestroy>
            <resource type="metal" amount="-40"/>
            <resource type="electricity" amount="50"/>
        </resourcesDestroy>
        <resourcesUsage>
            <resource type="electricity" amount="7"/>
        </resourcesUsage>
    </building>
    <building key="street" name="Street">
        <properties width="1" height="1" dudes_needed="0" dudes_capacity_increase="0"
                    spaceships_increase="0" level_usage="0"/>
        <needGridElement>
            <element type="sand"/>
        </needGridElement>
        <resourcesBuild>
            <resource type="electricity" amount="10"/>
        </resourcesBuild>
        <resourcesDestroy>
            <resource type="electricity" amount="1"/>
        </resourcesDestroy>
        <resourcesUsage>
            <resource type="electricity" amount="0.01"/>
        </resourcesUsage>
    </building>
    <building key="oilplant" name="Oil Plant">
        <properties width="1" height="1" dudes_needed="10" dudes_capacity_increase="0"
                    spaceships_increase="0" level_usage="0"/>
        <needGridElement>
            <element type="sand"/>
        </needGridElement>
        <resourcesBuild>
            <resource type="metal" amount="100"/>
            <resource type="electricity" amount="500"/>
        </resourcesBuild>
        <resourcesDestroy>
            <resource type="metal" amount="-80"/>
            <resource type="electricity" amount="50"/>
        </resourcesDestroy>
        <resourcesUsage>
            <resource type="oil" amount="30"/>
            <resource type="electricity" amount="-40"/>
        </resourcesUsage>
    </building>
    <building key="gasplant" name="Gas Plant">
        <properties width="1" height="1" dudes_needed="10" dudes_capacity_increase="0"
                    spaceships_increase="0" level_usage="0"/>
        <needGridElement>
            <element type="sand"/>
        </needGridElement>
        <resourcesBuild>
            <resource type="metal" amount="200"/>
            <resource type="electricity" amount="1000"/>
        </resourcesBuild>
        <resourcesDestroy>
            <resource type="metal" amount="-160"/>
            <resource type="electricity" amount="100"/>
        </resourcesDestroy>
        <resourcesUsage>r
            <resource type="gas" amount="30"/>
            <resource type="electricity" amount="-60"/>
        </resourcesUsage>
    </building>
    <building key="coalplant" name="Coal Plant">
        <properties width="1" height="1" dudes_needed="10" dudes_capacity_increase="0"
                    spaceships_increase="0" level_usage="0"/>
        <needGridElement>
            <element type="sand"/>
        </needGridElement>
        <resourcesBuild>
            <resource type="metal" amount="40"/>
            <resource type="electricity" amount="200"/>
        </resourcesBuild>
        <resourcesDestroy>
            <resource type="metal" amount="-32"/>
            <resource type="electricity" amount="20"/>
        </resourcesDestroy>
        <resourcesUsage>
            <resource type="coal" amount="30"/>
            <resource type="electricity" amount="-20"/>
        </resourcesUsage>
    </building>
    <building key="oilrig" name="Oil Rig">
        <properties width="1" height="1" dudes_needed="15" dudes_capacity_increase="0"
                    spaceships_increase="0" level_usage="1"/>
        <needGridElement>
            <element type="oil"/>
        </needGridElement>
        <resourcesBuild>
            <resource type="metal" amount="50"/>
            <resource type="electricity" amount="250"/>
        </resourcesBuild>
        <resourcesDestroy>
            <resource type="metal" amount="-16"/>
            <resource type="electricity" amount="25"/>
        </resourcesDestroy>
        <resourcesUsage>
            <resource type="oil" amount="-10"/>
            <resource type="electricity" amount="2"/>
        </resourcesUsage>
    </building>
    <building key="gasrig" name="Gas Rig">
        <properties width="1" height="1" dudes_needed="10" dudes_capacity_increase="0"
                    spaceships_increase="0" level_usage="1"/>
        <needGridElement>
            <element type="gas"/>
        </needGridElement>
        <resourcesBuild>
            <resource type="metal" amount="100"/>
            <resource type="electricity" amount="500"/>
        </resourcesBuild>
        <resourcesDestroy>
            <resource type="metal" amount="-80"/>
            <resource type="electricity" amount="50"/>
        </resourcesDestroy>
        <resourcesUsage>
            <resource type="gas" amount="-10"/>
            <resource type="electricity" amount="2"/>
        </resourcesUsage>
    </building>
    <building key="coalmine" name="Coal Mine">
        <properties width="1" height="1" dudes_needed="20" dudes_capacity_increase="0"
                    spaceships_increase="0" level_usage="1"/>
        <needGridElement>
            <element type="coal"/>
        </needGridElement>
        <resourcesBuild>
            <resource type="metal" amount="20"/>
            <resource type="electricity" amount="100"/>
        </resourcesBuild>
        <resourcesDestroy>
            <resource type="metal" amount="-16"/>
            <resource type="electricity" amount="10"/>
        </resourcesDestroy>
        <resourcesUsage>
            <resource type="coal" amount="-10"/>
            <resource type="electricity" amount="2"/>
        </resourcesUsage>
    </building>
    <building key="solarplant" name="Solar Plant">
        <properties width="1" height="1" dudes_needed="1" dudes_capacity_increase="0"
                    spaceships_increase="0" level_usage="0"/>
        <needGridElement>
            <element type="sand"/>
        </needGridElement>
        <resourcesBuild>
            <resource type="metal" amount="10"/>
            <resource type="electricity" amount="100"/>
            <resource type="solarpanel" amount="70"/>
        </resourcesBuild>
        <resourcesDestroy>
            <resource type="metal" amount="-8"/>
            <resource type="electricity" amount="10"/>
        </resourcesDestroy>
        <resourcesUsage>
            <resource type="electricity" amount="-20"/>
        </resourcesUsage>
    </building>
    <building key="solarfactory" name="Solar Factory">
        <properties width="1" height="1" dudes_needed="10" dudes_capacity_increase="0"
                    spaceships_increase="0" level_usage="0"/>
        <needGridElement>
            <element type="sand"/>
        </needGridElement>
        <resourcesBuild>
            <resource type="metal" amount="20"/>
            <resource type="electricity" amount="100"/>
        </resourcesBuild>
        <resourcesDestroy>
            <resource type="metal" amount="-16"/>
            <resource type="electricity" amount="10"/>
        </resourcesDestroy>
        <resourcesUsage>
            <resource type="electricity" amount="10"/>
            <resource type="metal" amount="2"/>
            <resource type="solarpanel" amount="-1"/>
        </resourcesUsage>
    </building>
    <building key="spaceport" name="Space Port">
        <properties width="1" height="1" dudes_needed="50" dudes_capacity_increase="0"
                    spaceships_increase="2" level_usage="0"/>
        <needGridElement>
            <element type="sand"/>
        </needGridElement>
        <resourcesBuild>
            <resource type="metal" amount="200"/>
            <resource type="electricity" amount="1000"/>
            <resource type="propellant" amount="100"/>
        </resourcesBuild>
        <resourcesDestroy>
            <resource type="metal" amount="-160"/>
            <resource type="electricity" amount="100"/>
        </resourcesDestroy>
        <resourcesUsage>
            <resource type="electricity" amount="7"/>
        </resourcesUsage>
    </building>
    <building key="propellantfactory" name="Space Factory">
        <properties width="1" height="1" dudes_needed="10" dudes_capacity_increase="0"
                    spaceships_increase="0" level_usage="0"/>
        <needGridElement>
            <element type="sand"/>
        </needGridElement>
        <resourcesBuild>
            <resource type="metal" amount="20"/>
            <resource type="electricity" amount="200"/>
        </resourcesBuild>
        <resourcesDestroy>
            <resource type="metal" amount="-16"/>
            <resource type="electricity" amount="20"/>
        </resourcesDestroy>
        <resourcesUsage>
            <resource type="propellant" amount="-1"/>
            <resource type="water" amount="5"/>
            <resource type="electricity" amount="4"/>
        </resourcesUsage>
    </building>
    <building key="waterplant" name="Water plant">
        <properties width="1" height="1" dudes_needed="10" dudes_capacity_increase="0"
                    spaceships_increase="0" level_usage="0"/>
        <needGridElement>
            <element type="water"/>
        </needGridElement>
        <resourcesBuild>
            <resource type="metal" amount="10"/>
            <resource type="electricity" amount="100"/>
        </resourcesBuild>
        <resourcesDestroy>
            <resource type="metal" amount="-8"/>
            <resource type="electricity" amount="10"/>
        </resourcesDestroy>
        <resourcesUsage>
            <resource type="electricity" amount="2"/>
            <resource type="water" amount="-5"/>
        </resourcesUsage>
    </building>
    <building key="metalmine" name="Metal mine">
        <properties width="1" height="1" dudes_needed="10" dudes_capacity_increase="0"
                    spaceships_increase="0" level_usage="0.05"/>
        <needGridElement>
            <element type="metal"/>
        </needGridElement>
        <resourcesBuild>
            <resource type="electricity" amount="1000"/>
        </resourcesBuild>
        <resourcesDestroy>
            <resource type="metal" amount="-8"/>
            <resource type="electricity" amount="10"/>
        </resourcesDestroy>
        <resourcesUsage>
            <resource type="electricity" amount="4"/>
            <resource type="metal" amount="-2"/>
        </resourcesUsage>
    </building>
</buildings>