<?xml version="1.0" encoding="UTF-8" ?>
<spaceships xmlns="http://games.smeanox.com"
            xmlns:xsi="http://www.w3.org/2001/XMLSchema-instance"
            xsi:schemaLocation="http://games.smeanox.com spaceships.xsd">
    <spaceship key="small" name="small">
        <properties capacity="100" propellant="0.5" speed="10" weight="10"/>
        <resourcesBuild>
            <resource type="metal" amount="100"/>
            <resource type="electricity" amount="1000"/>
        </resourcesBuild>
        <resourcesDestroy>
            <resource type="metal" amount="-80"/>
            <resource type="electricity" amount="100"/>
        </resourcesDestroy>
    </spaceship>
    <spaceship key="medium" name="medium">
        <properties capacity="1000" propellant="0.1" speed="40" weight="20"/>
        <resourcesBuild>
            <resource type="metal" amount="1000"/>
            <resource type="electricity" amount="10000"/>
        </resourcesBuild>
        <resourcesDestroy>
            <resource type="metal" amount="-800"/>
            <resource type="electricity" amount="1000"/>
        </resourcesDestroy>
    </spaceship>
    <spaceship key="large" name="large">
        <properties capacity="10000" propellant="0.01" speed="80" weight="50"/>
        <resourcesBuild>
            <resource type="metal" amount="10000"/>
            <resource type="electricity" amount="100000"/>
        </resourcesBuild>
        <resourcesDestroy>
            <resource type="metal" amount="-8000"/>
            <resource type="electricity" amount="10000"/>
        </resourcesDestroy>
    </spaceship>
    <spaceship key="giant" name="giant">
        <properties capacity="100000" propellant="0.001" speed="320" weight="100"/>
        <resourcesBuild>
            <resource type="metal" amount="100000"/>
            <resource type="electricity" amount="1000000"/>
        </resourcesBuild>
        <resourcesDestroy>
            <resource type="metal" amount="-80000"/>
            <resource type="electricity" amount="100000"/>
        </resourcesDestroy>
    </spaceship>
</spaceships>